id,first_name,last_name,email,gender,ip_address
1,Joscelin,Suffield,jsuffield0@ihg.com,Genderqueer,22.195.92.185
2,Cathe,Molloy,cmolloy1@timesonline.co.uk,Female,165.233.125.118
3,Pryce,Frede,pfrede2@ifeng.com,Male,34.26.78.234
4,Chelsea,Cowle,ccowle3@people.com.cn,Female,141.49.84.226
5,Geoffry,Ryburn,gryburn4@reuters.com,Male,131.201.36.155
6,Barn,Crosston,bcrosston5@lycos.com,Male,63.0.211.217
7,Leupold,Jeskin,ljeskin6@tuttocitta.it,Male,203.40.160.238
8,Bel,Kayser,bkayser7@blog.com,Female,51.225.126.33
9,Luigi,Ferreira,lferreira8@ehow.com,Male,241.35.7.74
10,Darrell,Kirkman,dkirkman9@buzzfeed.com,Male,45.229.123.78
11,Lise,Cauldwell,lcauldwella@deviantart.com,Female,119.56.137.228
12,Jazmin,Asmus,jasmusb@acquirethisname.com,Female,165.189.65.95
13,Fan,MacLennan,fmaclennanc@baidu.com,Female,131.42.140.175
14,Gilbertina,Cockman,gcockmand@mtv.com,Female,185.45.38.66
15,Renaud,Bointon,rbointone@amazon.co.uk,Male,95.97.94.187
16,Anthia,Youngs,ayoungsf@alibaba.com,Female,82.247.110.205
17,Camila,Bagot,cbagotg@unesco.org,Female,200.28.125.75
18,Agnesse,Hurl,ahurlh@bandcamp.com,Female,23.204.18.73
19,Bern,Dafforne,bdaffornei@constantcontact.com,Male,109.12.131.123
20,Abramo,Ferris,aferrisj@bloglines.com,Male,174.135.174.175
21,Con,Rhymer,crhymerk@state.tx.us,Female,65.94.1.114
22,Fraser,Petren,fpetrenl@edublogs.org,Male,254.65.241.76
23,Boyd,Whiteman,bwhitemanm@diigo.com,Male,246.178.131.151
24,Remus,Posselt,rposseltn@so-net.ne.jp,Male,189.163.86.128
25,Coriss,Iapico,ciapicoo@google.co.uk,Female,87.254.98.211
26,Nerti,de Keyser,ndekeyserp@chronoengine.com,Female,141.105.241.169
27,Rosa,Domenge,rdomengeq@examiner.com,Female,68.108.21.126
28,Albrecht,Salvati,asalvatir@photobucket.com,Male,51.16.103.114
29,Georgeta,Battison,gbattisons@auda.org.au,Female,27.52.156.14
30,Syd,Easum,seasumt@shareasale.com,Male,120.240.64.127
31,Rickert,Duprey,rdupreyu@dell.com,Male,35.211.246.12
32,Lotty,Kohter,lkohterv@feedburner.com,Bigender,237.42.62.54
33,Wash,O'Halloran,wohalloranw@china.com.cn,Male,98.21.51.33
34,Shermie,Purshouse,spurshousex@issuu.com,Male,131.220.62.238
35,Phillipp,Blabber,pblabbery@t.co,Male,116.218.220.201
36,Delmor,Danieli,ddanieliz@furl.net,Male,177.165.92.141
37,Ashlie,Garrattley,agarrattley10@forbes.com,Female,248.192.23.53
38,Stanislaus,Weathey,sweathey11@go.com,Bigender,189.154.41.65
39,Riobard,Plews,rplews12@mlb.com,Male,37.229.179.37
40,Georgena,Kalderon,gkalderon13@discovery.com,Female,92.246.56.93
41,Moise,Piris,mpiris14@friendfeed.com,Bigender,190.32.172.146
42,Michel,Gosswell,mgosswell15@flavors.me,Male,236.124.122.206
43,Jeff,De Vaux,jdevaux16@drupal.org,Male,245.116.76.63
44,Tabatha,Bonome,tbonome17@umich.edu,Female,116.92.60.195
45,Modesty,Newick,mnewick18@jalbum.net,Female,45.114.198.65
46,Floyd,Bucklan,fbucklan19@bloomberg.com,Male,50.237.168.200
47,Pris,Rousby,prousby1a@wikimedia.org,Female,240.108.187.240
48,Giraldo,Jurewicz,gjurewicz1b@hp.com,Male,105.119.44.183
49,Vyky,Bernath,vbernath1c@smugmug.com,Female,153.94.12.139
50,Halsey,Capes,hcapes1d@who.int,Male,167.71.205.187
51,Rosalind,Hartman,rhartman1e@walmart.com,Female,55.210.144.72
52,Simonne,Goldthorp,sgoldthorp1f@indiegogo.com,Female,108.16.28.250
53,Riley,McDermott-Row,rmcdermottrow1g@bloomberg.com,Male,1.80.163.97
54,Jolene,Pantry,jpantry1h@apache.org,Female,60.100.8.145
55,Juliann,Clissell,jclissell1i@adobe.com,Female,255.28.156.3
56,Deck,Thomke,dthomke1j@biglobe.ne.jp,Male,21.224.230.131
57,Joe,Wison,jwison1k@paypal.com,Male,171.16.29.125
58,Bryon,Slocumb,bslocumb1l@msn.com,Male,166.249.75.194
59,Jaimie,Bottby,jbottby1m@ucla.edu,Female,58.8.137.187
60,Ray,MacCafferty,rmaccafferty1n@51.la,Female,95.205.21.223
61,Tommie,Temby,ttemby1o@usda.gov,Male,150.54.48.60
62,Justina,Morfell,jmorfell1p@cyberchimps.com,Female,191.146.45.242
63,Austin,Hendrickson,ahendrickson1q@e-recht24.de,Female,157.126.88.221
64,Lowe,Udy,ludy1r@moonfruit.com,Male,164.240.246.63
65,Pia,Drew,pdrew1s@bravesites.com,Female,112.29.132.216
66,Guthrie,Moukes,gmoukes1t@ocn.ne.jp,Male,123.145.241.162
67,Ryun,Pughe,rpughe1u@barnesandnoble.com,Male,29.113.13.151
68,Claiborn,Peto,cpeto1v@a8.net,Bigender,179.182.52.76
69,Mel,Loghan,mloghan1w@mysql.com,Male,15.167.241.249
70,Prent,Durbann,pdurbann1x@hhs.gov,Male,178.199.113.13
71,Melisande,Lesurf,mlesurf1y@zimbio.com,Female,173.157.231.201
72,Niles,Duley,nduley1z@jiathis.com,Male,140.125.251.8
73,Prince,Matthiae,pmatthiae20@fc2.com,Non-binary,221.82.188.56
74,Horst,Milley,hmilley21@msu.edu,Male,245.215.234.5
75,Edvard,Aisbett,eaisbett22@sciencedaily.com,Male,240.216.180.88
76,Walden,Richardes,wrichardes23@google.fr,Male,74.220.65.157
77,Jabez,Dunnet,jdunnet24@so-net.ne.jp,Male,170.179.68.2
78,Aluino,Leftridge,aleftridge25@ow.ly,Male,192.230.181.56
79,Dora,Yushkin,dyushkin26@163.com,Female,69.149.151.113
80,Markos,Solano,msolano27@fda.gov,Male,44.129.38.36
81,Bennie,Indruch,bindruch28@irs.gov,Male,64.181.253.237
82,Hyman,Calfe,hcalfe29@networkadvertising.org,Bigender,149.11.9.102
83,Audy,Fishly,afishly2a@omniture.com,Female,2.115.182.100
84,Karola,McAleese,kmcaleese2b@mit.edu,Female,87.63.213.37
85,Octavius,Bull,obull2c@angelfire.com,Male,152.181.222.5
86,Christiano,Graveston,cgraveston2d@pagesperso-orange.fr,Male,113.136.72.156
87,Marie,Jurgenson,mjurgenson2e@shop-pro.jp,Female,138.51.111.228
88,Carlie,Kennion,ckennion2f@lulu.com,Female,84.211.223.49
89,Barty,Texton,btexton2g@businesswire.com,Male,8.168.176.119
90,Karen,Lacroux,klacroux2h@example.com,Female,161.233.147.92
91,Johnny,Gartery,jgartery2i@redcross.org,Male,192.80.196.7
92,Constance,Eddisford,ceddisford2j@ycombinator.com,Female,118.108.114.82
93,Rhoda,O'Concannon,roconcannon2k@mit.edu,Female,59.113.208.132
94,Cloe,Comellini,ccomellini2l@cargocollective.com,Female,56.164.225.46
95,Beck,Norcop,bnorcop2m@rakuten.co.jp,Male,195.0.95.127
96,Haley,Srawley,hsrawley2n@telegraph.co.uk,Female,37.229.95.88
97,Felix,Andreopolos,fandreopolos2o@ca.gov,Male,200.3.171.171
98,Gabey,Hatter,ghatter2p@paginegialle.it,Female,57.160.186.14
99,Theobald,Buxey,tbuxey2q@cornell.edu,Male,52.10.252.80
100,Hermann,Posvner,hposvner2r@yellowpages.com,Male,216.79.125.150
101,Steward,Siggers,ssiggers2s@psu.edu,Bigender,224.221.85.123
102,Kimberlyn,Poulden,kpoulden2t@opensource.org,Female,103.188.49.140
103,Ross,Barlass,rbarlass2u@wsj.com,Male,123.161.204.211
104,Cullen,Haxbie,chaxbie2v@narod.ru,Male,26.180.53.245
105,Barry,Twort,btwort2w@infoseek.co.jp,Female,13.103.97.7
106,Granger,Diviney,gdiviney2x@liveinternet.ru,Male,228.126.120.235
107,Hebert,Beardow,hbeardow2y@ftc.gov,Male,29.160.100.219
108,Wolfgang,Haseldine,whaseldine2z@google.com,Male,47.187.215.243
109,Trent,Mintram,tmintram30@dion.ne.jp,Male,115.51.217.182
110,Cesya,Vanezis,cvanezis31@state.gov,Female,101.208.221.142
111,Lanna,Barnsdall,lbarnsdall32@hc360.com,Female,79.7.16.116
112,Franklyn,Brinson,fbrinson33@ocn.ne.jp,Male,67.5.107.92
113,Berni,Lendrem,blendrem34@blogger.com,Female,138.91.60.10
114,Rubin,Terzi,rterzi35@fotki.com,Male,105.128.56.163
115,Raynor,Burgess,rburgess36@newyorker.com,Male,157.64.223.237
116,Arnold,Poizer,apoizer37@parallels.com,Male,221.21.137.135
117,Annadiana,MacCaull,amaccaull38@nasa.gov,Polygender,181.227.39.20
118,Evie,Harniman,eharniman39@google.it,Female,207.170.188.218
119,Kettie,Potkins,kpotkins3a@soundcloud.com,Female,235.78.202.224
120,Graig,Ellard,gellard3b@google.de,Male,122.249.125.0
121,Auberta,Hargie,ahargie3c@tripod.com,Female,176.70.240.198
122,Janith,Kyne,jkyne3d@wikispaces.com,Female,78.251.21.93
123,Berkley,Gheorghescu,bgheorghescu3e@noaa.gov,Male,82.80.62.82
124,Lorry,Haulkham,lhaulkham3f@abc.net.au,Female,58.254.175.64
125,Beatrisa,Edmed,bedmed3g@google.com,Female,223.216.201.160
126,Samuel,Sunshine,ssunshine3h@discovery.com,Male,120.141.254.225
127,Thorvald,Curro,tcurro3i@fema.gov,Male,127.84.135.33
128,Aldis,Trickett,atrickett3j@mozilla.com,Male,12.143.55.239
129,Correy,Speariett,cspeariett3k@gov.uk,Female,189.82.251.148
130,Michele,Thomasen,mthomasen3l@qq.com,Male,142.34.91.179
131,Agnese,Waller-Bridge,awallerbridge3m@scribd.com,Female,100.128.19.111
132,Phebe,Sibray,psibray3n@wufoo.com,Female,113.137.10.197
133,Doralynne,Dentith,ddentith3o@psu.edu,Female,39.208.108.51
134,Liane,Mixter,lmixter3p@live.com,Female,1.62.81.198
135,Orel,Wetherill,owetherill3q@oracle.com,Female,114.196.120.98
136,Levy,Furtado,lfurtado3r@omniture.com,Male,31.158.70.141
137,Amandie,Stribbling,astribbling3s@vinaora.com,Female,87.233.123.216
138,Gerry,Devonald,gdevonald3t@list-manage.com,Genderfluid,90.212.142.61
139,Jojo,Clixby,jclixby3u@dailymotion.com,Female,105.68.116.0
140,Rodrick,Sproston,rsproston3v@sfgate.com,Male,107.231.36.19
141,Marji,Holdworth,mholdworth3w@wikimedia.org,Female,49.100.107.81
142,Boycie,Easdon,beasdon3x@fotki.com,Male,9.221.32.239
143,Larissa,Braganza,lbraganza3y@macromedia.com,Genderfluid,212.170.40.39
144,Jillana,Rendall,jrendall3z@a8.net,Female,2.246.218.27
145,Kanya,Greguoli,kgreguoli40@networksolutions.com,Female,87.186.25.169
146,Jobie,Rosenblum,jrosenblum41@theglobeandmail.com,Female,132.105.65.219
147,Gordy,Bloyes,gbloyes42@cnet.com,Male,165.220.8.250
148,Salmon,Plume,splume43@cbslocal.com,Male,15.209.139.62
149,Sibley,Kempston,skempston44@nifty.com,Female,57.177.141.226
150,Gaile,Pischoff,gpischoff45@com.com,Bigender,239.10.236.151
151,Osborne,Meech,omeech46@stumbleupon.com,Male,253.104.52.212
152,Lorette,O'Kuddyhy,lokuddyhy47@vkontakte.ru,Female,101.127.87.31
153,Jillayne,Gallimore,jgallimore48@tumblr.com,Female,166.132.20.117
154,Jules,Caffrey,jcaffrey49@edublogs.org,Male,135.193.206.233
155,Edmon,O'Noulane,eonoulane4a@php.net,Male,197.58.115.183
156,Wilbert,Edginton,wedginton4b@si.edu,Male,66.158.138.142
157,Claiborn,Dorran,cdorran4c@cbc.ca,Male,202.37.195.210
158,Trever,McGreil,tmcgreil4d@forbes.com,Male,82.16.202.246
159,Ira,Swan,iswan4e@issuu.com,Female,156.131.67.253
160,Shellysheldon,Duly,sduly4f@umich.edu,Male,107.189.26.172
161,Marcellina,Croster,mcroster4g@istockphoto.com,Female,135.197.234.100
162,Ronnie,Basil,rbasil4h@amazon.co.uk,Female,80.86.214.21
163,Neel,Dows,ndows4i@google.co.uk,Male,186.87.228.81
164,Templeton,Toplis,ttoplis4j@washingtonpost.com,Male,53.63.216.61
165,Talya,Adkins,tadkins4k@seesaa.net,Female,100.200.145.203
166,Stephanie,Bartolomeoni,sbartolomeoni4l@diigo.com,Female,77.54.50.50
167,Ira,Kirwood,ikirwood4m@behance.net,Male,0.238.252.233
168,Moselle,Trott,mtrott4n@imdb.com,Female,61.229.36.18
169,Sal,Boulter,sboulter4o@bing.com,Male,147.177.204.46
170,Hatti,Prin,hprin4p@bbb.org,Female,35.77.218.0
171,Jason,Northridge,jnorthridge4q@hatena.ne.jp,Male,72.172.241.53
172,Gene,Bricket,gbricket4r@mit.edu,Male,77.136.151.189
173,Ansley,Dulanty,adulanty4s@digg.com,Female,251.0.59.117
174,Breanne,Engelmann,bengelmann4t@nydailynews.com,Female,176.64.242.65
175,Paten,Hackleton,phackleton4u@liveinternet.ru,Bigender,239.74.238.82
176,Carce,Cooke,ccooke4v@g.co,Male,50.112.72.97
177,Hyacinthie,Rasmus,hrasmus4w@vimeo.com,Female,248.201.235.52
178,Jackson,Alliot,jalliot4x@answers.com,Male,115.177.224.22
179,Wandis,Lghan,wlghan4y@sitemeter.com,Female,199.179.169.241
180,Sinclare,Trehearn,strehearn4z@usatoday.com,Male,140.156.213.124
181,Ralina,Jack,rjack50@dot.gov,Female,168.220.181.155
182,Leslie,Alton,lalton51@de.vu,Male,116.187.36.152
183,Theodoric,Pert,tpert52@cloudflare.com,Male,158.36.88.222
184,Anatole,Larham,alarham53@blog.com,Male,115.253.97.254
185,Andie,Labin,alabin54@a8.net,Male,243.193.16.138
186,Nollie,Arnli,narnli55@live.com,Female,173.157.149.34
187,Mike,Purdie,mpurdie56@mail.ru,Male,177.81.113.122
188,Jamal,Rosenzveig,jrosenzveig57@vistaprint.com,Male,58.77.225.32
189,Selby,Simoneschi,ssimoneschi58@imageshack.us,Male,143.211.112.172
190,Price,Grindall,pgrindall59@google.com.br,Non-binary,150.185.105.93
191,Derward,Larsen,dlarsen5a@nature.com,Male,136.4.12.63
192,Tate,Dottridge,tdottridge5b@weebly.com,Male,238.90.49.142
193,Peyton,McAlroy,pmcalroy5c@indiegogo.com,Male,194.82.24.166
194,Anson,Alcott,aalcott5d@weebly.com,Male,150.177.69.192
195,Bianka,Garriock,bgarriock5e@ow.ly,Female,118.200.183.112
196,Gill,Rippingale,grippingale5f@theguardian.com,Male,240.8.9.59
197,Paulo,Kinnie,pkinnie5g@reddit.com,Male,132.123.95.158
198,Thomas,Rivalant,trivalant5h@barnesandnoble.com,Male,66.220.76.52
199,Mindy,Tilio,mtilio5i@devhub.com,Non-binary,139.62.62.117
200,Minda,Lithgow,mlithgow5j@wikispaces.com,Female,112.228.37.151
201,Addi,Curreen,acurreen5k@toplist.cz,Female,234.163.253.19
202,Orv,Giraudou,ogiraudou5l@toplist.cz,Male,15.39.89.67
203,Mel,Boutcher,mboutcher5m@goo.gl,Female,252.220.215.193
204,Koenraad,Pencott,kpencott5n@sbwire.com,Agender,24.26.203.87
205,Edna,Banville,ebanville5o@prnewswire.com,Female,173.228.176.247
206,Clarette,Geraud,cgeraud5p@tripadvisor.com,Female,153.145.171.154
207,Sandor,Antcliffe,santcliffe5q@prlog.org,Genderfluid,33.191.143.189
208,Reinhold,Maharg,rmaharg5r@g.co,Male,253.125.138.2
209,Brigida,Bartot,bbartot5s@wp.com,Female,82.192.100.254
210,Ursa,Affuso,uaffuso5t@hugedomains.com,Female,94.115.70.244
211,Phylys,Skule,pskule5u@craigslist.org,Female,15.53.197.76
212,Perla,Penkman,ppenkman5v@opera.com,Female,254.82.63.41
213,Krysta,Cooksley,kcooksley5w@webs.com,Female,180.78.150.151
214,Rees,Bines,rbines5x@sogou.com,Male,124.165.230.84
215,Lauryn,Newton,lnewton5y@bravesites.com,Female,90.252.66.156
216,Antonella,Passman,apassman5z@yale.edu,Female,101.204.251.127
217,Paulo,Coutthart,pcoutthart60@ibm.com,Male,119.163.219.76
218,Nichols,Levy,nlevy61@amazon.de,Male,234.235.188.45
219,Dur,Harback,dharback62@discuz.net,Male,135.203.191.238
220,Joane,Gammage,jgammage63@php.net,Female,114.126.224.110
221,Hyacinthie,Kop,hkop64@list-manage.com,Female,53.149.1.14
222,Lizzy,Stotherfield,lstotherfield65@deviantart.com,Agender,219.251.162.59
223,Jarrett,Brydie,jbrydie66@whitehouse.gov,Male,101.70.109.10
224,Augusto,Acomb,aacomb67@usgs.gov,Male,158.240.152.171
225,Bertrando,Brighouse,bbrighouse68@columbia.edu,Polygender,60.201.8.40
226,Frederick,Passler,fpassler69@fc2.com,Male,2.79.141.134
227,Kiri,MacCathay,kmaccathay6a@altervista.org,Female,89.246.90.44
228,Toiboid,Baldacchino,tbaldacchino6b@china.com.cn,Male,76.165.5.49
229,Torrie,Gledhall,tgledhall6c@1688.com,Female,239.13.84.45
230,Arlina,Dachs,adachs6d@163.com,Female,139.62.149.135
231,Lamar,Fyldes,lfyldes6e@theglobeandmail.com,Genderqueer,19.4.27.91
232,Sigmund,Gaunt,sgaunt6f@fda.gov,Male,180.142.178.117
233,Hubert,Thomazet,hthomazet6g@php.net,Male,233.96.192.33
234,Holmes,Grummitt,hgrummitt6h@apache.org,Male,152.169.230.176
235,Onida,Guitt,oguitt6i@yellowpages.com,Female,149.35.1.238
236,Diahann,Kennifick,dkennifick6j@yale.edu,Genderqueer,55.99.22.131
237,Todd,Ledley,tledley6k@amazon.de,Non-binary,230.72.240.203
238,Bert,Tirrey,btirrey6l@hexun.com,Male,44.252.23.252
239,Gasparo,Wartnaby,gwartnaby6m@unicef.org,Male,232.12.169.235
240,Jeanna,Ellsom,jellsom6n@disqus.com,Female,50.250.80.220
241,Ulysses,Whitehair,uwhitehair6o@biblegateway.com,Male,45.236.104.157
242,Maddy,Rangeley,mrangeley6p@oracle.com,Female,102.225.144.166
243,Roth,Burdge,rburdge6q@mysql.com,Polygender,245.66.67.101
244,Melina,Chappel,mchappel6r@mlb.com,Female,76.100.248.207
245,Francoise,Remer,fremer6s@accuweather.com,Female,195.155.81.163
246,Jessica,Coope,jcoope6t@mtv.com,Female,162.120.99.28
247,Kathy,Woolager,kwoolager6u@narod.ru,Female,1.43.103.45
248,Augustina,Stockell,astockell6v@wordpress.org,Female,166.31.182.245
249,Baird,M'Quhan,bmquhan6w@sciencedaily.com,Male,171.197.63.172
250,Chris,Pim,cpim6x@etsy.com,Female,96.145.172.175
251,Kermy,Chatwood,kchatwood6y@mysql.com,Male,135.15.221.160
252,Foss,Schuler,fschuler6z@blog.com,Male,160.241.116.190
253,Bobby,Bakeup,bbakeup70@wiley.com,Male,93.74.131.161
254,Matilda,Lockart,mlockart71@msn.com,Female,90.67.216.100
255,Trixie,Candie,tcandie72@histats.com,Female,182.173.19.66
256,Maury,De Vuyst,mdevuyst73@exblog.jp,Male,246.194.81.201
257,Joaquin,Lowsely,jlowsely74@wufoo.com,Male,213.106.84.47
258,Filmer,Spellar,fspellar75@time.com,Male,187.97.136.148
259,Hermine,McGlew,hmcglew76@usda.gov,Female,20.232.55.86
260,Dyanna,Cheasman,dcheasman77@trellian.com,Female,205.10.60.26
261,Curr,MacGrath,cmacgrath78@imgur.com,Male,204.102.177.71
262,Haydon,Murray,hmurray79@answers.com,Male,31.112.0.69
263,Maximilianus,Izod,mizod7a@ox.ac.uk,Male,204.163.121.77
264,Craggy,Joutapavicius,cjoutapavicius7b@angelfire.com,Male,34.123.63.132
265,Liz,Shird,lshird7c@spotify.com,Polygender,21.57.73.239
266,Kelli,Nisen,knisen7d@is.gd,Female,149.128.30.49
267,Annabella,Sharratt,asharratt7e@xrea.com,Female,77.194.11.212
268,Jerry,Newtown,jnewtown7f@mozilla.org,Male,251.92.115.192
269,Boris,Trayford,btrayford7g@friendfeed.com,Male,255.8.160.160
270,Valerye,Millen,vmillen7h@blogtalkradio.com,Female,132.182.238.7
271,Haley,Nannoni,hnannoni7i@chicagotribune.com,Female,71.139.24.13
272,Boonie,Belderfield,bbelderfield7j@fema.gov,Male,39.83.78.54
273,Maddalena,Fakeley,mfakeley7k@blogger.com,Female,102.84.7.215
274,Pryce,Welbourn,pwelbourn7l@amazon.com,Male,51.79.109.2
275,Paulette,Batchelor,pbatchelor7m@irs.gov,Female,170.185.230.147
276,Alaster,Berni,aberni7n@dyndns.org,Male,225.164.194.185
277,Matt,Fowls,mfowls7o@ask.com,Male,121.25.162.233
278,Cazzie,Jayume,cjayume7p@amazon.com,Male,218.217.163.107
279,Gunter,Devenport,gdevenport7q@unesco.org,Male,119.73.33.7
280,Heidi,Kindread,hkindread7r@zdnet.com,Female,161.16.159.212
281,Warden,Doberer,wdoberer7s@tiny.cc,Male,36.80.113.41
282,Art,Olden,aolden7t@w3.org,Male,170.116.46.142
283,Frederica,Ranald,franald7u@shutterfly.com,Female,205.105.234.35
284,Evonne,Bockmann,ebockmann7v@discuz.net,Genderqueer,60.27.124.199
285,Stefania,Slark,sslark7w@bluehost.com,Female,118.163.3.151
286,Vincent,Sokill,vsokill7x@soup.io,Male,219.188.55.244
287,Gilli,Cumberbatch,gcumberbatch7y@wikipedia.org,Female,159.218.79.117
288,Shelley,Dandison,sdandison7z@flavors.me,Male,76.250.202.32
289,Raviv,Haliday,rhaliday80@biblegateway.com,Male,176.113.210.96
290,Shermie,Lusty,slusty81@independent.co.uk,Male,31.133.91.141
291,Tynan,Botterman,tbotterman82@weibo.com,Male,231.24.234.220
292,Annadiane,Lindl,alindl83@pinterest.com,Female,176.109.27.192
293,Shurlocke,Burrel,sburrel84@comcast.net,Male,58.184.59.43
294,Lenore,Vasile,lvasile85@paginegialle.it,Female,21.174.229.222
295,Vincents,Corkish,vcorkish86@hao123.com,Male,171.67.219.211
296,Burtie,Cheine,bcheine87@barnesandnoble.com,Male,253.211.100.115
297,Corena,Biford,cbiford88@facebook.com,Female,76.101.114.178
298,Abbey,Orys,aorys89@ovh.net,Male,235.48.54.10
299,Sarge,Durker,sdurker8a@ibm.com,Male,219.31.10.28
300,Cecelia,MacKill,cmackill8b@bloomberg.com,Female,52.48.53.171
301,Tobiah,Phillput,tphillput8c@upenn.edu,Male,206.253.234.215
302,Adore,Franssen,afranssen8d@vimeo.com,Female,206.90.152.108
303,Alfy,Knill,aknill8e@diigo.com,Male,242.136.107.209
304,Elke,Dimbylow,edimbylow8f@nytimes.com,Female,206.153.222.142
305,Jard,Foxton,jfoxton8g@state.tx.us,Male,24.227.216.211
306,Bartie,Marrion,bmarrion8h@webeden.co.uk,Male,33.134.42.122
307,Avery,Knights,aknights8i@techcrunch.com,Male,191.243.41.207
308,Stanford,Bellord,sbellord8j@salon.com,Male,146.52.135.227
309,Aggi,Woolen,awoolen8k@shareasale.com,Female,218.20.166.30
310,Tallulah,Lemin,tlemin8l@nytimes.com,Female,1.233.243.53
311,Tessi,Bayford,tbayford8m@trellian.com,Female,137.205.122.114
312,Rosalyn,Antognetti,rantognetti8n@seattletimes.com,Female,90.39.40.43
313,Ki,Orteaux,korteaux8o@163.com,Female,127.21.89.94
314,Richmond,Eul,reul8p@diigo.com,Male,202.86.63.55
315,Cristal,Kener,ckener8q@ifeng.com,Female,245.50.75.232
316,Laurena,Esparza,lesparza8r@archive.org,Female,193.183.209.15
317,Ingaborg,Bidwell,ibidwell8s@studiopress.com,Genderfluid,80.76.237.5
318,Aloysius,Welburn,awelburn8t@bbb.org,Male,241.1.56.136
319,Burch,Spaice,bspaice8u@flavors.me,Male,213.239.149.115
320,Towney,Rosa,trosa8v@oakley.com,Genderfluid,218.24.247.213
321,Rodolfo,Grinval,rgrinval8w@geocities.com,Male,41.118.62.97
322,Armstrong,Mundford,amundford8x@thetimes.co.uk,Male,143.159.3.69
323,Marisa,Stuther,mstuther8y@amazonaws.com,Bigender,54.247.153.32
324,Gwen,Verriour,gverriour8z@trellian.com,Female,74.183.217.181
325,Portia,Finder,pfinder90@unesco.org,Female,47.177.58.11
326,Casar,Scotchbrook,cscotchbrook91@mashable.com,Male,197.168.102.241
327,Jamey,Laxon,jlaxon92@smh.com.au,Male,56.65.205.185
328,Claudio,Olifaunt,colifaunt93@businessweek.com,Male,175.31.184.13
329,Brose,Cheale,bcheale94@usatoday.com,Male,183.215.38.77
330,Roberto,Lambswood,rlambswood95@icq.com,Male,253.120.54.236
331,Vanya,Whittaker,vwhittaker96@imdb.com,Male,21.34.96.104
332,Sam,Du Fray,sdufray97@purevolume.com,Male,171.199.156.5
333,Kristoffer,Lorenzetti,klorenzetti98@bbb.org,Male,244.85.180.7
334,Selene,Hinchshaw,shinchshaw99@furl.net,Female,216.63.65.72
335,Tamara,Brafield,tbrafield9a@hatena.ne.jp,Female,56.14.162.141
336,Ernst,Lerner,elerner9b@scribd.com,Male,223.227.6.179
337,Donavon,Bullivent,dbullivent9c@cisco.com,Genderqueer,120.227.87.46
338,Lavena,Woakes,lwoakes9d@about.me,Bigender,81.131.160.89
339,Loralyn,Girvan,lgirvan9e@reverbnation.com,Female,121.75.162.20
340,Camellia,Smallridge,csmallridge9f@posterous.com,Female,117.88.245.167
341,Vida,Edgerley,vedgerley9g@live.com,Female,171.154.156.170
342,Paquito,Worley,pworley9h@slashdot.org,Male,85.63.156.54
343,Dannel,Riddett,driddett9i@livejournal.com,Male,202.118.175.180
344,Gale,Meadowcroft,gmeadowcroft9j@reverbnation.com,Male,32.197.69.202
345,Russ,Djakovic,rdjakovic9k@bizjournals.com,Male,148.55.238.118
346,Billy,Creelman,bcreelman9l@mac.com,Female,240.208.128.143
347,Cordie,Lowfill,clowfill9m@mozilla.com,Male,39.15.76.172
348,Lainey,Drennan,ldrennan9n@fema.gov,Female,133.166.181.119
349,Haley,Vallow,hvallow9o@amazonaws.com,Male,206.168.142.156
350,Matti,Tudball,mtudball9p@ask.com,Female,25.69.212.16
351,Fidole,Garrat,fgarrat9q@mysql.com,Male,180.118.57.118
352,Analise,Kingzett,akingzett9r@statcounter.com,Female,99.255.208.36
353,Ruddie,Ygou,rygou9s@pinterest.com,Male,172.249.159.80
354,Obadiah,Petrishchev,opetrishchev9t@ning.com,Male,149.27.126.144
355,Carlo,Sleney,csleney9u@ifeng.com,Male,127.9.115.238
356,Clayborne,Rowbrey,crowbrey9v@google.com.au,Male,204.190.38.157
357,Georgianne,Lapham,glapham9w@paypal.com,Female,202.111.116.58
358,Erminia,Wintringham,ewintringham9x@w3.org,Female,46.97.217.76
359,Dore,McGilben,dmcgilben9y@opensource.org,Female,188.206.27.141
360,Joya,Dartnell,jdartnell9z@xinhuanet.com,Female,52.18.244.81
361,Godfry,Neicho,gneichoa0@vimeo.com,Male,198.27.5.82
362,Artus,Lody,alodya1@vk.com,Male,105.100.220.177
363,Jaclyn,Lindwall,jlindwalla2@google.com.au,Female,180.3.134.233
364,Justen,Hendriksen,jhendriksena3@youku.com,Male,136.151.26.245
365,Northrop,Jope,njopea4@plala.or.jp,Male,88.201.172.210
366,Leandra,Mulqueeny,lmulqueenya5@go.com,Female,162.51.70.144
367,Wilt,McGawn,wmcgawna6@dot.gov,Bigender,223.114.25.8
368,Sallyanne,Gennings,sgenningsa7@usnews.com,Female,138.191.141.240
369,Philip,Ashbrook,pashbrooka8@blogtalkradio.com,Agender,236.207.120.218
370,Waite,Cakebread,wcakebreada9@paypal.com,Male,46.206.14.95
371,Towny,Yandell,tyandellaa@wiley.com,Male,125.181.56.138
372,Paolina,Cabena,pcabenaab@sogou.com,Female,174.63.112.152
373,Nappie,Ellul,nellulac@bluehost.com,Male,1.249.209.99
374,Vyky,Passmore,vpassmoread@cmu.edu,Female,226.66.227.238
375,Arlee,Murdy,amurdyae@ibm.com,Female,89.149.197.246
376,Rolph,Pach,rpachaf@mail.ru,Male,166.187.213.0
377,Aguistin,Lacaze,alacazeag@diigo.com,Male,191.80.156.59
378,Temple,Landell,tlandellah@odnoklassniki.ru,Male,241.143.220.186
379,Myles,Surtees,msurteesai@livejournal.com,Male,230.113.25.11
380,Brock,Chevalier,bchevalieraj@fotki.com,Male,223.183.52.210
381,Rayshell,Bolderoe,rbolderoeak@dmoz.org,Female,142.125.49.10
382,Diena,Comley,dcomleyal@pcworld.com,Female,146.153.69.73
383,Taite,Milesap,tmilesapam@reddit.com,Male,121.84.232.236
384,Bax,Deighan,bdeighanan@is.gd,Male,106.122.118.254
385,Lizbeth,Poter,lpoterao@nydailynews.com,Female,179.122.109.248
386,Tamarra,Weightman,tweightmanap@chronoengine.com,Genderfluid,43.17.30.169
387,Vin,Fynes,vfynesaq@answers.com,Female,49.3.182.213
388,Jasen,Isack,jisackar@symantec.com,Male,166.59.89.216
389,Dorian,Luebbert,dluebbertas@linkedin.com,Female,75.174.53.177
390,Ray,Burnip,rburnipat@reverbnation.com,Male,223.42.186.121
391,Liana,Lebourn,llebournau@psu.edu,Female,163.27.202.112
392,Crawford,Dable,cdableav@columbia.edu,Male,122.21.133.176
393,Gibby,Paolino,gpaolinoaw@sina.com.cn,Male,66.31.222.88
394,Clim,Gravie,cgravieax@adobe.com,Male,217.95.163.207
395,Sebastien,Wadforth,swadforthay@blinklist.com,Male,65.231.55.82
396,Annmaria,Stacey,astaceyaz@illinois.edu,Female,3.98.246.101
397,Michaeline,Clubb,mclubbb0@dropbox.com,Female,22.232.176.41
398,Randie,Chiplen,rchiplenb1@smh.com.au,Female,208.57.150.202
399,Wendell,Chamberlen,wchamberlenb2@admin.ch,Male,7.2.15.0
400,Abey,Othick,aothickb3@homestead.com,Male,217.193.242.84
401,Rebekah,Elias,reliasb4@dell.com,Female,82.200.11.95
402,Matty,Breyt,mbreytb5@illinois.edu,Male,114.71.78.147
403,Swen,MacLeod,smacleodb6@youtube.com,Male,173.49.100.133
404,Terese,Treneer,ttreneerb7@cnn.com,Female,110.94.62.100
405,Guido,Capelin,gcapelinb8@sakura.ne.jp,Male,3.199.233.11
406,Lora,Kun,lkunb9@wufoo.com,Female,109.40.30.23
407,Sherlocke,Mouget,smougetba@ehow.com,Male,97.12.173.226
408,Marena,Kettel,mkettelbb@meetup.com,Female,195.68.247.178
409,Teodor,Troctor,ttroctorbc@vinaora.com,Male,251.89.5.68
410,Ann-marie,Bosward,aboswardbd@4shared.com,Female,14.28.46.216
411,Chad,Strutton,cstruttonbe@nymag.com,Female,63.46.94.157
412,Meier,Hefferan,mhefferanbf@domainmarket.com,Male,81.148.121.20
413,Katuscha,Brislen,kbrislenbg@xrea.com,Female,252.16.137.49
414,Pauly,Riba,pribabh@sourceforge.net,Male,122.75.174.243
415,Redford,Sparke,rsparkebi@posterous.com,Male,61.181.192.244
416,Nobe,Holgan,nholganbj@joomla.org,Male,155.247.235.63
417,Dannel,Messier,dmessierbk@odnoklassniki.ru,Agender,93.180.110.204
418,Ree,Farnworth,rfarnworthbl@bravesites.com,Female,233.29.186.131
419,Ettie,Freeburn,efreeburnbm@wsj.com,Female,103.254.72.74
420,Marianna,Werrilow,mwerrilowbn@wiley.com,Female,192.123.123.244
421,Jessa,Adicot,jadicotbo@xrea.com,Non-binary,18.254.178.50
422,Cornie,Brearton,cbreartonbp@smugmug.com,Male,129.36.41.35
423,Janeta,McClure,jmcclurebq@usa.gov,Female,18.6.187.253
424,Regina,Tydeman,rtydemanbr@drupal.org,Female,251.178.62.170
425,Jessika,Andover,jandoverbs@nsw.gov.au,Female,172.33.160.108
426,Haley,Wilman,hwilmanbt@pbs.org,Male,49.185.177.53
427,Abba,Whitton,awhittonbu@prweb.com,Male,74.112.111.244
428,Aguie,Butt Gow,abuttgowbv@shareasale.com,Male,127.172.195.109
429,Cletis,Daintree,cdaintreebw@weebly.com,Non-binary,113.123.244.188
430,Windy,Spellworth,wspellworthbx@hhs.gov,Female,24.174.102.190
431,Karena,Seedhouse,kseedhouseby@reddit.com,Female,35.83.233.249
432,Earl,Reicharz,ereicharzbz@ox.ac.uk,Male,212.238.255.84
433,Axe,Sterke,asterkec0@arstechnica.com,Male,186.38.138.17
434,Silva,McKune,smckunec1@privacy.gov.au,Female,0.54.192.152
435,Ripley,Faughny,rfaughnyc2@indiatimes.com,Male,139.231.231.93
436,Byram,Vellden,bvelldenc3@ovh.net,Male,212.78.186.86
437,Maxie,Petley,mpetleyc4@youtu.be,Female,14.112.35.253
438,Janeen,Pyford,jpyfordc5@gnu.org,Genderfluid,134.108.133.45
439,Estevan,Fruish,efruishc6@squarespace.com,Male,74.166.157.251
440,Mathias,Abilowitz,mabilowitzc7@delicious.com,Male,131.81.93.159
441,Josey,Petrushanko,jpetrushankoc8@free.fr,Female,69.248.85.207
442,Salvador,Shemmin,sshemminc9@nifty.com,Male,181.130.162.191
443,Doria,Karpeev,dkarpeevca@networkadvertising.org,Female,198.216.128.40
444,Webster,Martins,wmartinscb@chron.com,Male,95.35.98.6
445,Steffen,Clemetts,sclemettscc@1688.com,Male,34.186.187.22
446,Nert,Dignall,ndignallcd@shop-pro.jp,Female,74.105.70.191
447,Fielding,Callington,fcallingtonce@xrea.com,Male,170.162.132.24
448,Barbaraanne,Lightowlers,blightowlerscf@whitehouse.gov,Female,142.178.135.60
449,Giuditta,Spirritt,gspirrittcg@blogs.com,Agender,22.161.162.225
450,Zebedee,Goldby,zgoldbych@cloudflare.com,Male,121.242.157.30
451,Zarah,Bister,zbisterci@dropbox.com,Female,15.236.208.46
452,Iosep,Foxcroft,ifoxcroftcj@businessweek.com,Male,165.89.97.99
453,Morten,Yitzovitz,myitzovitzck@howstuffworks.com,Polygender,132.34.87.106
454,Catlee,Maystone,cmaystonecl@prnewswire.com,Female,157.43.160.153
455,Sadye,Hargess,shargesscm@delicious.com,Female,116.65.169.116
456,Maxine,Filipponi,mfilipponicn@exblog.jp,Female,17.212.151.5
457,Seward,Amberson,sambersonco@wikimedia.org,Male,34.221.166.96
458,Isaak,Shipston,ishipstoncp@simplemachines.org,Male,158.248.211.233
459,Clarke,Macieiczyk,cmacieiczykcq@theguardian.com,Male,18.194.32.252
460,Benedetto,Webberley,bwebberleycr@mapquest.com,Male,128.242.86.79
461,Lynnet,Sowley,lsowleycs@dailymail.co.uk,Female,187.103.180.43
462,Mayer,Galpen,mgalpenct@smugmug.com,Male,54.233.179.192
463,Hernando,Tebbutt,htebbuttcu@yelp.com,Non-binary,60.121.223.189
464,Gweneth,Shakelade,gshakeladecv@yolasite.com,Agender,160.197.215.72
465,Donn,Butrimovich,dbutrimovichcw@bizjournals.com,Male,226.198.72.246
466,Chiquia,Ingarfield,cingarfieldcx@tripadvisor.com,Genderqueer,26.10.186.196
467,Ina,Danick,idanickcy@adobe.com,Female,159.34.212.75
468,Debora,Penniell,dpenniellcz@free.fr,Female,35.153.246.183
469,Ransell,Derwin,rderwind0@hc360.com,Male,197.151.41.137
470,Channa,Windrass,cwindrassd1@hao123.com,Female,223.154.35.142
471,Ekaterina,Carluccio,ecarlucciod2@google.pl,Female,227.179.169.120
472,Aguste,Caillou,acailloud3@moonfruit.com,Male,115.94.138.115
473,Samantha,Batistelli,sbatistellid4@alibaba.com,Female,170.229.255.229
474,Efren,Polini,epolinid5@prweb.com,Male,140.15.71.1
475,Adolpho,Gaitskell,agaitskelld6@issuu.com,Bigender,192.93.83.163
476,Jay,Dedman,jdedmand7@mysql.com,Male,180.174.253.78
477,Robby,Jeannel,rjeanneld8@unc.edu,Female,41.219.207.73
478,Whitman,Merner,wmernerd9@mac.com,Agender,1.158.194.97
479,Chastity,Killingbeck,ckillingbeckda@skyrock.com,Female,231.254.231.248
480,Pavla,Karpychev,pkarpychevdb@cafepress.com,Female,121.167.36.144
481,Vonny,Noto,vnotodc@list-manage.com,Female,97.134.208.81
482,Mortimer,Ganforth,mganforthdd@purevolume.com,Male,56.191.217.19
483,Zachery,Tipperton,ztippertonde@devhub.com,Male,147.208.194.144
484,Sherri,Brignell,sbrignelldf@nyu.edu,Female,86.99.121.150
485,Sawyer,Pedder,spedderdg@dot.gov,Male,205.150.251.15
486,Morly,Pulver,mpulverdh@nih.gov,Genderfluid,226.149.90.196
487,Elfie,Picton,epictondi@de.vu,Female,245.120.42.210
488,Johnathan,Lantiffe,jlantiffedj@cmu.edu,Male,196.250.127.189
489,Derril,Roller,drollerdk@exblog.jp,Male,49.3.87.203
490,Nicolle,Morrall,nmorralldl@hud.gov,Female,8.237.97.89
491,Anatola,Loxdale,aloxdaledm@army.mil,Female,193.160.126.205
492,Melisandra,Ginn,mginndn@senate.gov,Female,180.120.143.29
493,Hayley,Kettlewell,hkettlewelldo@mayoclinic.com,Female,241.107.224.48
494,Tuck,Marcroft,tmarcroftdp@cisco.com,Male,109.119.52.26
495,Viviene,Messitt,vmessittdq@cnbc.com,Female,203.254.94.65
496,Mary,Jesse,mjessedr@ucoz.com,Female,208.181.144.92
497,Eloise,Tremontana,etremontanads@booking.com,Female,115.51.234.191
498,Brander,Goomes,bgoomesdt@japanpost.jp,Male,108.117.185.125
499,Tally,Fleckno,tflecknodu@dedecms.com,Male,29.165.126.240
500,Lotty,O'Noulane,lonoulanedv@comcast.net,Non-binary,148.180.29.123
501,Laurianne,Lawson,llawsondw@rediff.com,Female,236.250.208.36
502,Derril,Linnit,dlinnitdx@census.gov,Male,21.170.213.245
503,Corri,Clowser,cclowserdy@cdc.gov,Female,132.126.231.186
504,Kurt,Cammock,kcammockdz@guardian.co.uk,Male,142.196.211.239
505,Basilius,Clash,bclashe0@hao123.com,Male,157.140.188.47
506,Marlo,Mecchi,mmecchie1@livejournal.com,Male,145.223.170.130
507,Vin,Fowgies,vfowgiese2@wunderground.com,Female,178.152.234.28
508,Donnajean,Mockett,dmockette3@purevolume.com,Female,238.20.213.173
509,Alix,Rhyme,arhymee4@bbc.co.uk,Female,235.37.83.97
510,Tyler,Feldon,tfeldone5@cisco.com,Male,114.125.170.94
511,Greg,Cana,gcanae6@multiply.com,Polygender,165.61.198.35
512,Claudette,Cliff,ccliffe7@usgs.gov,Female,150.236.234.247
513,Farra,Franke,ffrankee8@nsw.gov.au,Female,18.179.21.106
514,Kizzie,Coggin,kcoggine9@ca.gov,Polygender,177.166.88.204
515,Shelton,Marcussen,smarcussenea@blogtalkradio.com,Male,201.63.122.81
516,Lurline,Drew,ldreweb@devhub.com,Female,194.223.183.147
517,Ginevra,Polkinhorn,gpolkinhornec@tinypic.com,Genderfluid,104.251.192.227
518,Barty,Passo,bpassoed@naver.com,Male,40.127.234.160
519,Paddie,Badland,pbadlandee@techcrunch.com,Male,110.181.133.111
520,Kayla,Ryce,kryceef@unesco.org,Female,192.132.94.248
521,Hanni,Skeldon,hskeldoneg@goo.ne.jp,Female,123.63.138.23
522,Ruggiero,Truluck,rtruluckeh@mlb.com,Male,191.84.3.193
523,Elbertine,Carle,ecarleei@squarespace.com,Female,255.220.173.126
524,Calypso,Budik,cbudikej@jigsy.com,Female,208.209.171.162
525,Abraham,Gerholz,agerholzek@zimbio.com,Male,174.170.58.18
526,Asher,Petasch,apetaschel@vk.com,Male,198.133.154.113
527,Daron,Lackington,dlackingtonem@reverbnation.com,Female,121.231.56.34
528,Julieta,Murtagh,jmurtaghen@latimes.com,Female,70.148.91.204
529,Gena,Boyet,gboyeteo@mozilla.org,Female,53.152.182.10
530,Saloma,Halfacre,shalfacreep@eepurl.com,Bigender,115.60.199.181
531,Clea,Waterworth,cwaterwortheq@ox.ac.uk,Female,85.174.206.176
532,Janella,Tromans,jtromanser@etsy.com,Female,138.127.173.47
533,Randi,Kernocke,rkernockees@ebay.com,Female,78.79.77.9
534,Linet,Grzeszczyk,lgrzeszczyket@biblegateway.com,Non-binary,224.3.72.37
535,Toma,Soan,tsoaneu@trellian.com,Female,112.74.184.180
536,La verne,Sundin,lsundinev@shinystat.com,Bigender,102.255.152.26
537,Tucker,Purkins,tpurkinsew@hexun.com,Male,203.19.251.216
538,Tait,Danielczyk,tdanielczykex@hp.com,Male,112.84.45.157
539,Townsend,Bazley,tbazleyey@chicagotribune.com,Male,77.107.180.34
540,Conant,Gammack,cgammackez@arstechnica.com,Genderfluid,165.216.112.42
541,Jefferey,Lugg,jluggf0@slate.com,Genderfluid,139.198.114.66
542,Rod,Bexon,rbexonf1@liveinternet.ru,Male,85.225.234.19
543,Ingeberg,Matoshin,imatoshinf2@hostgator.com,Female,139.236.76.240
544,Phillipp,Mincini,pmincinif3@multiply.com,Male,48.7.178.99
545,Elissa,Worsham,eworshamf4@mac.com,Female,38.10.2.229
546,Xavier,Donat,xdonatf5@hibu.com,Male,35.21.199.123
547,Tybalt,Semour,tsemourf6@businesswire.com,Male,166.116.154.1
548,Jesus,Forsbey,jforsbeyf7@infoseek.co.jp,Male,174.186.129.58
549,Morgen,Tosspell,mtosspellf8@aboutads.info,Male,151.30.155.251
550,Chalmers,Benedit,cbeneditf9@reverbnation.com,Male,199.165.213.20
551,Milo,Prewett,mprewettfa@shareasale.com,Male,184.35.207.30
552,Sammie,Thominga,sthomingafb@ehow.com,Male,181.33.126.152
553,Viole,Gallardo,vgallardofc@mayoclinic.com,Female,67.99.120.118
554,Jayme,Whife,jwhifefd@google.co.uk,Male,184.53.12.183
555,Abie,Trengove,atrengovefe@pbs.org,Male,241.105.222.26
556,Belvia,Denis,bdenisff@ustream.tv,Female,192.132.94.114
557,Rogerio,Rocks,rrocksfg@freewebs.com,Male,218.139.106.37
558,Horst,Shoebrook,hshoebrookfh@foxnews.com,Male,146.106.7.211
559,Cynthy,Juanico,cjuanicofi@umich.edu,Female,209.52.114.126
560,Bren,Zappel,bzappelfj@un.org,Male,12.75.22.117
561,Lilly,Sammons,lsammonsfk@mtv.com,Female,198.79.229.113
562,Rikki,Romanet,rromanetfl@symantec.com,Male,148.27.118.130
563,Ram,Schwander,rschwanderfm@devhub.com,Male,213.30.55.64
564,Bibby,Ruddell,bruddellfn@patch.com,Female,26.79.155.173
565,Colin,Isabell,cisabellfo@deviantart.com,Male,207.5.137.245
566,Cairistiona,McNelis,cmcnelisfp@homestead.com,Genderfluid,73.180.159.10
567,Trudi,Divisek,tdivisekfq@whitehouse.gov,Female,89.104.253.112
568,Drona,Pellamonuten,dpellamonutenfr@goodreads.com,Female,238.176.128.82
569,Bernhard,Rheam,brheamfs@hugedomains.com,Male,95.153.180.87
570,Carry,Jancy,cjancyft@globo.com,Female,231.244.239.17
571,Urson,Roubay,uroubayfu@archive.org,Male,48.155.80.56
572,Emmi,Virr,evirrfv@comcast.net,Female,15.38.208.128
573,Cobb,Blaze,cblazefw@w3.org,Male,179.1.102.199
574,Coretta,Covolini,ccovolinifx@parallels.com,Female,244.27.203.20
575,Vally,Sotheby,vsothebyfy@feedburner.com,Bigender,144.164.170.71
576,Isacco,Smallpeace,ismallpeacefz@wsj.com,Male,234.177.136.68
577,Lavinie,Roubert,lroubertg0@google.com.br,Non-binary,38.78.115.53
578,Reid,Trevarthen,rtrevartheng1@icio.us,Male,149.72.1.231
579,Grace,Bourthoumieux,gbourthoumieuxg2@goodreads.com,Female,174.250.9.193
580,Devin,Yonnie,dyonnieg3@ameblo.jp,Male,217.120.138.139
581,Whitney,Bernardon,wbernardong4@unicef.org,Female,253.35.227.228
582,Mateo,Grzegorecki,mgrzegoreckig5@smugmug.com,Male,146.79.210.222
583,Corena,Sperski,csperskig6@biblegateway.com,Female,30.205.140.211
584,Lelah,Pyson,lpysong7@geocities.jp,Female,84.115.196.153
585,Wilt,Starkie,wstarkieg8@meetup.com,Male,23.112.55.20
586,Sauncho,Shields,sshieldsg9@ihg.com,Male,220.38.93.90
587,Barrie,Suter,bsuterga@flavors.me,Female,45.249.54.10
588,Sauncho,Samms,ssammsgb@smh.com.au,Male,129.31.4.242
589,Carmelina,Hannent,channentgc@google.cn,Female,198.87.242.166
590,Ginnifer,Asbery,gasberygd@businessinsider.com,Female,149.230.7.47
591,Eolande,Hocking,ehockingge@hubpages.com,Female,197.51.61.1
592,Leonard,Rosensaft,lrosensaftgf@tamu.edu,Genderqueer,147.135.229.253
593,Tommy,Balmann,tbalmanngg@kickstarter.com,Male,208.81.175.207
594,Curr,Reuter,creutergh@goodreads.com,Male,179.26.186.236
595,Remus,Selbach,rselbachgi@cocolog-nifty.com,Male,53.7.121.102
596,Ivory,Gormley,igormleygj@simplemachines.org,Female,211.148.98.72
597,Elvyn,Caffery,ecafferygk@go.com,Male,63.81.26.35
598,Nonie,Canham,ncanhamgl@zimbio.com,Female,61.172.55.194
599,Hermine,Lassells,hlassellsgm@umn.edu,Female,214.146.132.211
600,Julietta,Borg-Bartolo,jborgbartologn@etsy.com,Female,149.144.221.236
601,Craig,Lent,clentgo@guardian.co.uk,Male,191.70.42.79
602,Averil,Northcliffe,anorthcliffegp@flavors.me,Male,189.23.164.194
603,Stevie,O'Sharry,sosharrygq@stanford.edu,Male,208.142.62.107
604,Marvin,Colvin,mcolvingr@wunderground.com,Male,151.54.145.51
605,Danit,Leon,dleongs@omniture.com,Agender,78.46.188.143
606,Jecho,Duell,jduellgt@cmu.edu,Male,133.8.212.21
607,Collin,Farrah,cfarrahgu@networksolutions.com,Male,21.138.136.172
608,Leif,Hasloch,lhaslochgv@icio.us,Male,91.204.72.23
609,Franciskus,Rizzetti,frizzettigw@studiopress.com,Male,74.32.151.133
610,Antonella,Pensom,apensomgx@marketwatch.com,Female,18.133.234.70
611,Mersey,Vasse,mvassegy@prweb.com,Female,106.192.136.48
612,Rickie,Fullom,rfullomgz@ft.com,Female,222.218.5.81
613,Eliza,Schaffel,eschaffelh0@stanford.edu,Female,105.29.118.75
614,Euphemia,Emsden,eemsdenh1@squidoo.com,Female,22.236.167.53
615,Yalonda,Hamilton,yhamiltonh2@biblegateway.com,Female,214.255.179.27
616,Harmony,Elverstone,helverstoneh3@jimdo.com,Female,187.197.156.210
617,Valentin,Carlesso,vcarlessoh4@loc.gov,Male,3.10.98.118
618,Gilberte,McTavy,gmctavyh5@ihg.com,Polygender,168.249.31.173
619,Marita,Follis,mfollish6@yellowbook.com,Female,141.10.112.241
620,Pattie,Bogeys,pbogeysh7@sciencedirect.com,Female,120.200.204.223
621,Haywood,Nozzolii,hnozzoliih8@reference.com,Male,127.228.142.140
622,Matias,Rosewell,mrosewellh9@apache.org,Male,6.80.107.150
623,Marya,Cummings,mcummingsha@hostgator.com,Female,189.31.165.18
624,Adelind,Dummigan,adummiganhb@bloglovin.com,Bigender,102.87.51.153
625,Obie,Band,obandhc@seesaa.net,Male,116.2.215.104
626,Eyde,Lucock,elucockhd@utexas.edu,Female,143.125.185.217
627,Charline,Dory,cdoryhe@newyorker.com,Female,161.191.107.37
628,Jodee,Gobbet,jgobbethf@odnoklassniki.ru,Female,72.215.95.71
629,Ingeberg,Reolfo,ireolfohg@themeforest.net,Female,12.254.16.112
630,Ole,Low,olowhh@about.com,Male,50.131.247.90
631,Deni,Sacker,dsackerhi@amazon.co.uk,Female,129.197.172.94
632,Ruben,Tokell,rtokellhj@163.com,Male,179.78.191.223
633,Sioux,Keemar,skeemarhk@hao123.com,Female,157.129.52.34
634,Leonore,Knewstub,lknewstubhl@prnewswire.com,Female,193.71.68.236
635,Jaclyn,Straffon,jstraffonhm@bravesites.com,Female,131.144.59.11
636,Enid,Foggo,efoggohn@plala.or.jp,Female,253.119.252.174
637,Wally,Bern,wbernho@google.cn,Male,245.246.76.129
638,Calv,Apperley,capperleyhp@de.vu,Male,181.38.111.1
639,Melany,Haisell,mhaisellhq@digg.com,Female,64.118.172.50
640,Hercules,Palphreyman,hpalphreymanhr@constantcontact.com,Genderqueer,200.152.82.35
641,Mireielle,Cubbin,mcubbinhs@miibeian.gov.cn,Genderqueer,89.166.3.78
642,Madelin,Atcock,matcockht@mtv.com,Female,235.169.251.60
643,Holly-anne,Orrick,horrickhu@house.gov,Female,140.246.102.63
644,Grantley,Pepye,gpepyehv@constantcontact.com,Male,113.107.193.66
645,Whit,Sawkins,wsawkinshw@usda.gov,Polygender,43.254.156.216
646,Jordon,Sellen,jsellenhx@godaddy.com,Male,190.42.24.55
647,Gerhard,Fidge,gfidgehy@lulu.com,Male,146.6.138.171
648,Miguel,Kovacs,mkovacshz@lulu.com,Male,7.180.188.128
649,Karolina,McParlin,kmcparlini0@netlog.com,Female,167.252.123.177
650,Rosco,Winston,rwinstoni1@msn.com,Male,79.120.148.148
651,Angel,Shipman,ashipmani2@histats.com,Male,45.51.186.216
652,Dore,Doul,ddouli3@bbb.org,Male,232.249.206.202
653,Brodie,Southerton,bsouthertoni4@fema.gov,Male,80.159.203.36
654,Wright,Ivanikov,wivanikovi5@taobao.com,Male,128.100.197.180
655,Carole,Moorfield,cmoorfieldi6@imdb.com,Female,14.110.98.183
656,Anna-diana,Pretorius,apretoriusi7@whitehouse.gov,Female,229.64.162.129
657,Joice,Bolesma,jbolesmai8@ustream.tv,Female,132.101.199.255
658,Anastassia,Tuohy,atuohyi9@ted.com,Female,169.124.237.214
659,Leesa,Idale,lidaleia@ning.com,Female,186.212.160.48
660,Brandy,Hindrich,bhindrichib@theglobeandmail.com,Male,105.28.202.128
661,Grannie,Pavic,gpavicic@google.com.au,Male,123.101.249.5
662,Amalia,Benedict,abenedictid@blogspot.com,Female,74.201.204.234
663,Gil,Dalziel,gdalzielie@csmonitor.com,Male,104.13.59.4
664,Tabbi,Rakestraw,trakestrawif@sitemeter.com,Female,125.254.4.155
665,Lou,Doleman,ldolemanig@princeton.edu,Male,92.134.233.167
666,Hobey,Grassett,hgrassettih@spiegel.de,Male,132.104.221.148
667,Nixie,Hendriksen,nhendriksenii@pen.io,Female,70.91.77.54
668,Crosby,Garralts,cgarraltsij@surveymonkey.com,Male,179.51.252.41
669,Frederick,Janoschek,fjanoschekik@about.com,Male,190.225.5.24
670,Madeleine,Houston,mhoustonil@opera.com,Female,13.154.65.61
671,Hebert,Credland,hcredlandim@homestead.com,Male,70.229.26.100
672,Ave,Wastall,awastallin@redcross.org,Male,45.5.140.188
673,Nikita,Pilipets,npilipetsio@house.gov,Male,146.166.96.47
674,Aksel,Houldey,ahouldeyip@earthlink.net,Male,30.115.162.25
675,Saree,Sarney,ssarneyiq@economist.com,Female,191.108.73.55
676,Jeremias,Bourner,jbournerir@mozilla.org,Male,227.113.110.37
677,Berkley,Sides,bsidesis@seattletimes.com,Male,68.179.220.163
678,Aleece,Gilligan,agilliganit@nationalgeographic.com,Polygender,9.127.32.116
679,Christy,Stroyan,cstroyaniu@microsoft.com,Male,206.242.104.153
680,Talbot,Gillooly,tgilloolyiv@sohu.com,Male,73.63.83.77
681,Dagmar,Howlett,dhowlettiw@house.gov,Female,188.232.232.215
682,Calvin,Mallalieu,cmallalieuix@cdbaby.com,Male,90.24.87.32
683,Elisha,Jaffrey,ejaffreyiy@geocities.com,Female,65.203.39.209
684,Kathe,Combe,kcombeiz@prlog.org,Female,159.228.186.130
685,Burty,Veel,bveelj0@dagondesign.com,Male,197.104.240.147
686,Maisie,Forsdike,mforsdikej1@netvibes.com,Female,133.211.11.161
687,Carol-jean,Acomb,cacombj2@indiatimes.com,Female,110.5.91.105
688,Mellisa,Sadry,msadryj3@ucoz.ru,Bigender,20.54.127.144
689,Valeda,Poxon,vpoxonj4@odnoklassniki.ru,Polygender,232.25.139.101
690,Shandra,Winkett,swinkettj5@rakuten.co.jp,Female,19.71.138.148
691,Corinna,Braim,cbraimj6@upenn.edu,Female,31.233.101.113
692,Tyrone,O' Borne,tobornej7@tinypic.com,Male,135.12.71.154
693,Abigail,Bygreaves,abygreavesj8@unc.edu,Female,172.24.59.234
694,Doll,Franscioni,dfranscionij9@weebly.com,Female,86.243.218.148
695,Kaine,Watkiss,kwatkissja@rediff.com,Male,137.250.243.205
696,Amos,Farnsworth,afarnsworthjb@artisteer.com,Male,236.82.20.162
697,Annalee,Orrick,aorrickjc@vkontakte.ru,Female,192.14.161.90
698,Lambert,Teasdale-Markie,lteasdalemarkiejd@sourceforge.net,Male,195.160.219.28
699,Aubrey,Sinney,asinneyje@hao123.com,Female,69.162.131.157
700,Any,Peacocke,apeacockejf@buzzfeed.com,Agender,235.123.48.250
701,Tuck,Fransewich,tfransewichjg@netlog.com,Male,71.179.125.191
702,Efrem,Treversh,etrevershjh@seattletimes.com,Male,175.16.19.44
703,Seana,Dugan,sduganji@myspace.com,Female,108.117.65.101
704,Valerie,Canner,vcannerjj@bizjournals.com,Female,94.111.191.196
705,Darbee,Lincke,dlinckejk@sogou.com,Male,246.196.20.219
706,Ewell,Daid,edaidjl@seesaa.net,Male,122.123.228.98
707,Alley,Riddell,ariddelljm@china.com.cn,Male,203.195.201.47
708,Spike,Jorg,sjorgjn@de.vu,Genderfluid,93.18.206.227
709,Rakel,Maysor,rmaysorjo@yandex.ru,Female,79.31.109.79
710,Georas,Hamly,ghamlyjp@dion.ne.jp,Male,255.28.14.3
711,Rici,Paule,rpaulejq@miibeian.gov.cn,Polygender,9.230.31.112
712,Dru,Gyver,dgyverjr@hp.com,Male,130.65.42.48
713,Norton,Delcastel,ndelcasteljs@sciencedaily.com,Male,84.195.105.54
714,Hugh,Fucher,hfucherjt@printfriendly.com,Male,182.1.153.254
715,Beulah,Wigzell,bwigzellju@cam.ac.uk,Female,254.23.128.216
716,Kyla,Bissex,kbissexjv@mozilla.org,Female,39.82.237.205
717,Noland,Cuvley,ncuvleyjw@mac.com,Male,209.86.147.129
718,Curtice,Goding,cgodingjx@eepurl.com,Male,197.187.218.174
719,Siouxie,Thickens,sthickensjy@tripod.com,Female,95.161.8.248
720,Noelani,Hruska,nhruskajz@facebook.com,Female,36.65.56.216
721,Tandi,Urlich,turlichk0@free.fr,Female,155.55.211.88
722,Cher,Annion,cannionk1@multiply.com,Female,247.40.221.163
723,Ninetta,Marflitt,nmarflittk2@myspace.com,Female,229.134.195.0
724,Jere,Outram,joutramk3@oakley.com,Male,166.107.122.56
725,Camella,Gluyas,cgluyask4@issuu.com,Female,109.214.122.20
726,Brandyn,Tempest,btempestk5@theguardian.com,Male,120.159.211.101
727,Dode,Flanne,dflannek6@arizona.edu,Female,60.237.226.67
728,Ros,McGillivrie,rmcgillivriek7@mozilla.org,Female,190.189.99.8
729,Edmund,Tilson,etilsonk8@techcrunch.com,Male,179.144.51.82
730,Rochell,Sywell,rsywellk9@feedburner.com,Female,65.179.15.179
731,Archy,Darling,adarlingka@example.com,Male,51.2.131.78
732,Ada,Janek,ajanekkb@gnu.org,Female,245.184.168.94
733,Barn,Downage,bdownagekc@vinaora.com,Male,116.48.197.190
734,Christyna,Ferrant,cferrantkd@altervista.org,Agender,80.139.18.123
735,Gerard,Dunlap,gdunlapke@nyu.edu,Male,172.5.186.140
736,Nonnah,Curnow,ncurnowkf@edublogs.org,Female,215.185.3.51
737,Kaja,Ridsdale,kridsdalekg@reverbnation.com,Female,57.84.206.120
738,Johanna,Uzielli,juziellikh@shutterfly.com,Female,176.34.106.160
739,Jarrod,Neesham,jneeshamki@europa.eu,Male,195.154.113.203
740,Sisely,Pargent,spargentkj@whitehouse.gov,Female,45.3.163.141
741,Halie,Orcas,horcaskk@slideshare.net,Female,127.224.47.216
742,Mersey,Chrestien,mchrestienkl@altervista.org,Female,182.87.75.188
743,Sanders,Cavey,scaveykm@smh.com.au,Male,166.75.185.202
744,Chet,Paske,cpaskekn@bluehost.com,Male,249.178.236.17
745,Rockwell,Yakushkin,ryakushkinko@issuu.com,Male,52.193.8.136
746,Camellia,Doggerell,cdoggerellkp@hhs.gov,Female,100.98.87.212
747,Jacynth,Joiris,jjoiriskq@networksolutions.com,Female,116.1.179.254
748,Tim,Saxelby,tsaxelbykr@umich.edu,Male,87.198.89.71
749,Coop,Philippe,cphilippeks@deviantart.com,Male,12.255.7.244
750,Leola,Tremathick,ltremathickkt@desdev.cn,Female,51.32.200.81
751,Barnett,Frankland,bfranklandku@reverbnation.com,Male,24.186.155.123
752,Merle,Satcher,msatcherkv@cargocollective.com,Female,154.138.48.182
753,Town,Faltin,tfaltinkw@parallels.com,Male,208.90.190.228
754,Charmaine,Dickie,cdickiekx@cloudflare.com,Female,3.202.218.117
755,Yoko,Yglesias,yyglesiasky@webs.com,Female,127.138.3.83
756,Jemmy,Elstone,jelstonekz@hugedomains.com,Female,188.212.134.252
757,Denver,Ridgway,dridgwayl0@prlog.org,Male,163.6.173.74
758,Sergent,Jocelyn,sjocelynl1@1688.com,Male,10.6.118.240
759,Kelila,Brunger,kbrungerl2@hostgator.com,Female,236.229.130.199
760,Dalton,Cavaney,dcavaneyl3@printfriendly.com,Male,49.52.184.143
761,Yasmin,World,yworldl4@dailymotion.com,Female,63.133.122.154
762,Broddy,Laffin,blaffinl5@imdb.com,Male,120.111.132.102
763,Graeme,Stichel,gstichell6@harvard.edu,Male,152.75.76.10
764,Nowell,Seeborne,nseebornel7@people.com.cn,Male,88.162.165.149
765,Linc,Corbin,lcorbinl8@utexas.edu,Male,118.171.117.25
766,Lorilyn,Justun,ljustunl9@jimdo.com,Female,173.220.0.95
767,Boote,Bidgood,bbidgoodla@vimeo.com,Agender,109.9.118.109
768,Murry,Battie,mbattielb@smugmug.com,Bigender,158.186.164.148
769,Merrill,Swalwell,mswalwelllc@yahoo.co.jp,Female,27.240.151.199
770,Pincus,Hebblethwaite,phebblethwaiteld@google.it,Male,240.39.55.168
771,Brandea,Dyet,bdyetle@tripadvisor.com,Female,2.169.173.166
772,Matthieu,Fairburne,mfairburnelf@dailymotion.com,Male,199.86.215.213
773,Merrie,Minghella,mminghellalg@weebly.com,Female,44.124.97.94
774,Dulci,Berwick,dberwicklh@ezinearticles.com,Female,9.100.162.131
775,Leeland,Worswick,lworswickli@census.gov,Male,76.164.107.207
776,Paola,Ingamells,pingamellslj@miitbeian.gov.cn,Female,25.62.23.92
777,Neil,Dionisetti,ndionisettilk@gnu.org,Male,145.50.158.1
778,Anya,Graveney,agraveneyll@marketwatch.com,Female,214.162.215.250
779,Reidar,Kunc,rkunclm@histats.com,Male,71.158.107.203
780,Gisela,Scourfield,gscourfieldln@google.co.jp,Female,251.76.245.4
781,Gib,Fidilis,gfidilislo@ask.com,Male,66.223.215.223
782,Emlyn,Autry,eautrylp@webmd.com,Non-binary,34.199.199.28
783,Haven,Brafield,hbrafieldlq@scientificamerican.com,Male,114.13.102.201
784,Rora,Stud,rstudlr@goodreads.com,Female,192.226.255.22
785,Priscilla,Burford,pburfordls@jalbum.net,Female,236.250.85.34
786,Brnaba,O'Gleasane,bogleasanelt@parallels.com,Male,156.143.72.49
787,Ruperta,Brazener,rbrazenerlu@elpais.com,Female,219.179.210.48
788,Andriana,Shalcras,ashalcraslv@yolasite.com,Female,229.187.10.249
789,Reeta,Cheake,rcheakelw@stumbleupon.com,Genderqueer,25.77.226.59
790,Frederica,Cristobal,fcristoballx@unesco.org,Female,123.43.248.58
791,Marrissa,Shawcross,mshawcrossly@booking.com,Female,154.243.30.67
792,Sybila,Stelli,sstellilz@cnn.com,Female,36.163.134.33
793,Spence,Shepland,ssheplandm0@google.com.br,Male,25.31.242.184
794,Crosby,Morgon,cmorgonm1@ask.com,Male,91.8.77.125
795,Kevan,Stallon,kstallonm2@google.ca,Male,74.38.2.35
796,Ches,Breckell,cbreckellm3@gmpg.org,Male,166.209.254.212
797,Burlie,Semken,bsemkenm4@squidoo.com,Male,96.206.69.95
798,Dell,Hurch,dhurchm5@scribd.com,Male,143.50.217.176
799,Blaine,Lockton,blocktonm6@indiegogo.com,Male,151.201.171.72
800,Loydie,Vatini,lvatinim7@creativecommons.org,Male,191.60.201.84
801,Morry,Mazin,mmazinm8@paginegialle.it,Male,230.57.158.129
802,Ferdinand,Suttell,fsuttellm9@sourceforge.net,Male,84.124.5.225
803,Letty,Gilbank,lgilbankma@squidoo.com,Female,183.179.167.77
804,Vin,Hargerie,vhargeriemb@narod.ru,Male,28.162.130.236
805,Ingeborg,Nijs,inijsmc@umn.edu,Genderqueer,92.22.182.186
806,Catha,Zink,czinkmd@bing.com,Female,161.10.140.181
807,Rosaline,Pinn,rpinnme@patch.com,Female,34.140.30.17
808,Kane,Rablan,krablanmf@naver.com,Male,232.102.135.159
809,Sada,Burlay,sburlaymg@altervista.org,Female,161.123.180.107
810,Taite,Clemmens,tclemmensmh@auda.org.au,Male,62.199.211.108
811,Haley,Leonida,hleonidami@nymag.com,Male,24.225.220.207
812,Titus,Merigeau,tmerigeaumj@go.com,Male,137.18.10.139
813,Rhodie,Boykett,rboykettmk@apache.org,Female,25.213.61.170
814,Haleigh,Doumenc,hdoumencml@fotki.com,Male,67.244.173.149
815,Renie,Scrange,rscrangemm@opensource.org,Female,98.238.37.254
816,Desdemona,Sabin,dsabinmn@gizmodo.com,Female,49.181.106.227
817,Cletus,MacGill,cmacgillmo@dailymotion.com,Male,119.180.17.212
818,Sascha,Martusewicz,smartusewiczmp@elegantthemes.com,Male,198.18.130.248
819,Joletta,Chevalier,jchevaliermq@google.co.jp,Female,102.56.28.197
820,Jephthah,Phelan,jphelanmr@jugem.jp,Male,208.158.157.133
821,Ulla,Hellwig,uhellwigms@bigcartel.com,Female,230.101.247.205
822,Rosemarie,Ewings,rewingsmt@360.cn,Female,181.119.71.116
823,Amble,Buttner,abuttnermu@hp.com,Male,134.58.158.107
824,Fulton,Colleer,fcolleermv@tinypic.com,Male,204.192.117.48
825,Eve,Kippins,ekippinsmw@time.com,Female,97.107.197.58
826,Darnell,Huett,dhuettmx@netlog.com,Male,160.73.3.204
827,Jacynth,Stutt,jstuttmy@meetup.com,Female,205.71.11.7
828,Alonzo,Thomen,athomenmz@usnews.com,Male,100.39.84.5
829,Ronna,Chace,rchacen0@gnu.org,Female,131.204.109.102
830,Cornell,Rosenstein,crosensteinn1@mediafire.com,Male,15.156.244.185
831,Hayden,Shackel,hshackeln2@angelfire.com,Male,59.196.48.96
832,Starlin,Fellis,sfellisn3@patch.com,Female,49.230.31.74
833,Pauly,Niles,pnilesn4@google.co.uk,Female,246.98.136.49
834,Emerson,Pellamonuten,epellamonutenn5@twitter.com,Male,26.238.18.43
835,Patricio,Heliot,pheliotn6@ucsd.edu,Male,102.183.208.223
836,Sascha,Smewing,ssmewingn7@columbia.edu,Male,63.250.52.137
837,Adora,Keer,akeern8@wisc.edu,Female,80.210.27.38
838,Carmela,Sedge,csedgen9@artisteer.com,Female,2.132.141.65
839,Claresta,McKinney,cmckinneyna@earthlink.net,Female,80.78.181.32
840,Genny,Kalisz,gkalisznb@cbslocal.com,Female,226.188.50.68
841,Scottie,Munden,smundennc@psu.edu,Male,136.22.0.55
842,Jamil,Drinkel,jdrinkelnd@sfgate.com,Male,205.48.152.31
843,Haleigh,Polfer,hpolferne@ucsd.edu,Female,30.97.131.19
844,Grove,Ramey,grameynf@globo.com,Male,145.210.134.50
845,Alphonso,Buckle,abuckleng@state.gov,Male,30.74.252.89
846,Max,Mearing,mmearingnh@zimbio.com,Non-binary,88.44.214.199
847,Isabeau,Perrot,iperrotni@technorati.com,Female,71.55.211.211
848,Lorinda,Folbigg,lfolbiggnj@nationalgeographic.com,Female,142.48.243.139
849,Derk,Camm,dcammnk@cafepress.com,Male,49.92.226.45
850,Bernard,Weinberg,bweinbergnl@reverbnation.com,Agender,254.15.178.142
851,Arin,Delicate,adelicatenm@unesco.org,Male,73.69.93.143
852,Farrel,Pierro,fpierronn@vkontakte.ru,Agender,46.241.77.110
853,Jeri,Webby,jwebbyno@so-net.ne.jp,Female,32.147.198.195
854,Engelbert,Faiers,efaiersnp@eepurl.com,Male,86.181.7.205
855,Emlynne,Marusik,emarusiknq@blogs.com,Female,21.240.12.210
856,Ainslee,Legrand,alegrandnr@exblog.jp,Female,244.205.176.164
857,Linnie,Masedon,lmasedonns@dot.gov,Female,216.228.62.11
858,Ruby,Howcroft,rhowcroftnt@google.com.br,Male,88.170.254.48
859,Flin,Sofe,fsofenu@go.com,Male,162.227.190.134
860,Andrus,Gavaghan,agavaghannv@craigslist.org,Male,149.26.146.110
861,Amalee,Leathwood,aleathwoodnw@amazonaws.com,Female,91.50.76.4
862,Lucius,Perott,lperottnx@webnode.com,Agender,130.238.217.121
863,Pia,Wallwood,pwallwoodny@ow.ly,Female,49.142.228.0
864,Huntlee,Gillanders,hgillandersnz@elegantthemes.com,Male,132.166.62.0
865,Poul,Files,pfileso0@tinypic.com,Male,194.10.153.142
866,Hestia,Enochsson,henochssono1@feedburner.com,Female,87.246.151.231
867,Meyer,Trenoweth,mtrenowetho2@mediafire.com,Male,44.54.225.132
868,Gregorius,Leathem,gleathemo3@google.nl,Male,141.155.96.185
869,Rupert,Buckie,rbuckieo4@wired.com,Male,92.221.122.223
870,Wolfie,Flori,wflorio5@comsenz.com,Male,252.220.39.102
871,Guss,O'Leagham,goleaghamo6@msn.com,Male,14.56.172.171
872,Abigail,Oneile,aoneileo7@posterous.com,Female,175.153.253.4
873,Abbi,Drakes,adrakeso8@bandcamp.com,Female,155.75.0.77
874,Brittne,O' Ronan,boronano9@yandex.ru,Female,223.61.139.36
875,Malva,Skiplorne,mskiplorneoa@harvard.edu,Female,71.234.234.208
876,Jeannie,Atlay,jatlayob@ucla.edu,Female,147.186.217.78
877,Averyl,Levitt,alevittoc@weather.com,Female,127.175.110.139
878,Noellyn,Almey,nalmeyod@multiply.com,Female,52.62.172.5
879,Jammal,Vossgen,jvossgenoe@hao123.com,Male,138.4.208.112
880,Debra,Broadhead,dbroadheadof@google.com.au,Female,147.174.178.119
881,Jorgan,Whitham,jwhithamog@google.fr,Male,66.98.95.14
882,Velma,Allcott,vallcottoh@goo.ne.jp,Female,121.131.217.225
883,Hannah,Behling,hbehlingoi@etsy.com,Female,237.28.233.26
884,Carmelle,Satchel,csatcheloj@phpbb.com,Female,128.14.54.254
885,Gustave,Pallatina,gpallatinaok@ibm.com,Male,100.164.64.113
886,Pietro,Hurle,phurleol@mapy.cz,Male,108.198.218.30
887,Dennison,Sherrell,dsherrellom@baidu.com,Male,113.27.0.159
888,Nicoli,Sparkwill,nsparkwillon@zimbio.com,Female,253.91.113.45
889,Kalil,Chitter,kchitteroo@samsung.com,Male,42.20.220.140
890,Karylin,Cawthorne,kcawthorneop@forbes.com,Female,129.172.129.187
891,Teador,Absolem,tabsolemoq@ed.gov,Male,158.187.191.202
892,Hildagard,Girardez,hgirardezor@forbes.com,Female,91.235.158.96
893,Elfreda,Sterling,esterlingos@oakley.com,Female,194.164.97.42
894,Felicdad,Pavlenkov,fpavlenkovot@un.org,Female,88.129.153.179
895,Phillip,Chawner,pchawnerou@oakley.com,Male,198.81.149.245
896,Kris,Espinosa,kespinosaov@mayoclinic.com,Female,38.235.57.125
897,Tracy,Brigginshaw,tbrigginshawow@hao123.com,Female,191.31.206.240
898,Westbrooke,Foxten,wfoxtenox@behance.net,Male,242.9.45.72
899,Westbrook,Joan,wjoanoy@foxnews.com,Male,98.126.122.103
900,Misty,Bailles,mbaillesoz@hao123.com,Female,120.123.201.29
901,Elias,Fried,efriedp0@lulu.com,Male,206.85.86.156
902,Anatol,Duddy,aduddyp1@google.es,Male,207.242.134.165
903,Averyl,Elson,aelsonp2@google.com,Female,203.8.65.255
904,Fania,Vigus,fvigusp3@unblog.fr,Female,144.115.79.94
905,Rhonda,Lowers,rlowersp4@utexas.edu,Female,26.164.144.72
906,Ivette,Rapsey,irapseyp5@ucsd.edu,Female,143.139.1.17
907,Hobie,McKiernan,hmckiernanp6@imageshack.us,Male,200.77.228.240
908,Kiele,O'dell,kodellp7@buzzfeed.com,Female,252.41.240.89
909,Norina,Jest,njestp8@jigsy.com,Female,194.75.53.210
910,Geordie,Moulden,gmouldenp9@wikispaces.com,Male,8.44.208.233
911,Florry,Lerwell,flerwellpa@geocities.jp,Female,69.46.110.117
912,Ellswerth,Cowp,ecowppb@tamu.edu,Male,167.52.94.201
913,Celia,McFayden,cmcfaydenpc@bloglovin.com,Female,243.164.218.106
914,Salvatore,Annear,sannearpd@jimdo.com,Agender,9.170.210.10
915,Esmeralda,Killimister,ekillimisterpe@bluehost.com,Female,183.206.136.227
916,Filberte,Fourmy,ffourmypf@walmart.com,Male,77.7.229.94
917,Birch,Chudleigh,bchudleighpg@blinklist.com,Male,7.124.94.157
918,Tresa,Gitthouse,tgitthouseph@seesaa.net,Female,151.247.226.60
919,Quinta,Simeonov,qsimeonovpi@mail.ru,Female,151.21.10.156
920,Job,Wiz,jwizpj@newsvine.com,Male,11.46.209.107
921,Juieta,Syrie,jsyriepk@usatoday.com,Female,55.136.201.249
922,Ingeberg,Pratchett,ipratchettpl@telegraph.co.uk,Polygender,56.219.110.165
923,Glen,Ronayne,gronaynepm@discovery.com,Female,32.67.7.2
924,Mildred,Davidowsky,mdavidowskypn@google.com.au,Female,210.140.193.31
925,Lexi,Ferne,lfernepo@omniture.com,Female,142.63.119.111
926,Gary,Welbeck,gwelbeckpp@disqus.com,Male,41.51.64.210
927,Tudor,Ledgerton,tledgertonpq@cdc.gov,Male,138.241.93.187
928,Katey,Cheves,kchevespr@dell.com,Female,135.83.145.31
929,Joe,Addy,jaddyps@wp.com,Male,194.5.190.207
930,Erin,Fullylove,efullylovept@theglobeandmail.com,Female,194.247.153.19
931,Bertrando,Clifft,bclifftpu@stanford.edu,Male,202.2.195.182
932,Lotty,Conyer,lconyerpv@bandcamp.com,Female,50.109.116.77
933,Shelagh,Cowterd,scowterdpw@parallels.com,Female,116.88.211.160
934,Orazio,Melmoth,omelmothpx@google.pl,Agender,100.198.249.125
935,Tripp,O'Dreain,todreainpy@networkadvertising.org,Male,143.7.167.70
936,Kalila,Andreia,kandreiapz@google.cn,Female,13.57.112.135
937,Vilma,Cobbin,vcobbinq0@liveinternet.ru,Female,199.30.222.191
938,Ollie,Janton,ojantonq1@altervista.org,Female,252.175.51.221
939,Tymothy,Ismirnioglou,tismirnioglouq2@usa.gov,Male,102.3.26.154
940,Tanya,Knight,tknightq3@zdnet.com,Female,90.48.124.112
941,Gretta,Woolway,gwoolwayq4@webs.com,Female,117.218.91.49
942,Bennie,Tills,btillsq5@hud.gov,Male,112.44.192.167
943,Lorry,Lerohan,llerohanq6@aboutads.info,Female,88.244.197.175
944,Giulietta,Daniaud,gdaniaudq7@unesco.org,Female,179.253.229.71
945,Kirstyn,Forst,kforstq8@networksolutions.com,Female,115.18.61.131
946,Moina,Thamelt,mthameltq9@g.co,Female,157.228.144.43
947,Wilone,Webb,wwebbqa@constantcontact.com,Female,107.190.49.130
948,Jacques,felip,jfelipqb@dell.com,Male,220.190.240.111
949,Tabina,Larmett,tlarmettqc@amazon.de,Female,225.191.237.111
950,Rakel,Christensen,rchristensenqd@wunderground.com,Female,54.222.217.184
951,Deeyn,Sowle,dsowleqe@booking.com,Bigender,231.156.39.251
952,Tarrance,Crowthe,tcrowtheqf@rakuten.co.jp,Male,65.71.45.49
953,Howie,Hattam,hhattamqg@rakuten.co.jp,Male,111.252.232.139
954,Bordie,Alaway,balawayqh@altervista.org,Male,74.68.237.118
955,Betta,Donalson,bdonalsonqi@wikipedia.org,Female,176.111.80.224
956,Shauna,Fenelon,sfenelonqj@delicious.com,Female,172.137.98.221
957,Millie,Dargue,mdargueqk@fc2.com,Female,156.56.223.194
958,Mervin,Glaserman,mglasermanql@apple.com,Male,163.78.124.10
959,Wayne,Kellett,wkellettqm@webnode.com,Male,148.75.111.228
960,Jedidiah,Esp,jespqn@eepurl.com,Male,11.70.122.141
961,Rosalind,Arnoult,rarnoultqo@liveinternet.ru,Female,129.84.253.80
962,Park,Glentz,pglentzqp@omniture.com,Male,203.234.59.77
963,Freddi,Abate,fabateqq@wp.com,Female,108.4.116.119
964,Patrica,Greensides,pgreensidesqr@whitehouse.gov,Female,51.207.163.135
965,Ambrosio,Tilling,atillingqs@i2i.jp,Male,243.135.202.154
966,Normand,Gervaise,ngervaiseqt@google.com.hk,Male,243.14.229.70
967,Antin,Beards,abeardsqu@hostgator.com,Male,159.222.178.0
968,Edna,Hamper,ehamperqv@craigslist.org,Female,227.190.114.27
969,Brynne,Haston,bhastonqw@biglobe.ne.jp,Genderfluid,193.253.38.4
970,Nicolas,Bosomworth,nbosomworthqx@xrea.com,Male,132.132.204.107
971,Poppy,Spurdens,pspurdensqy@nymag.com,Female,27.150.146.185
972,Jarib,Ducarne,jducarneqz@google.com,Male,224.22.219.94
973,Jilly,Milella,jmilellar0@miitbeian.gov.cn,Female,182.156.224.67
974,Wilma,Passion,wpassionr1@wunderground.com,Female,24.115.143.19
975,Jarvis,De Mitri,jdemitrir2@reference.com,Male,65.167.198.6
976,Breanne,Daventry,bdaventryr3@so-net.ne.jp,Female,252.83.239.117
977,Margit,Kerby,mkerbyr4@weibo.com,Female,207.62.139.145
978,Godfry,Rainer,grainerr5@who.int,Polygender,16.15.39.115
979,Hall,Stammler,hstammlerr6@salon.com,Male,73.94.138.213
980,Ajay,Dowyer,adowyerr7@state.gov,Female,157.145.61.200
981,Kass,Fewings,kfewingsr8@yahoo.co.jp,Female,55.253.36.177
982,Karoline,Quenby,kquenbyr9@shareasale.com,Genderqueer,36.55.45.85
983,Bondon,Lukianov,blukianovra@yolasite.com,Male,58.113.49.150
984,Joy,Beasant,jbeasantrb@opensource.org,Agender,236.50.44.94
985,Margeaux,Clara,mclararc@skype.com,Female,5.102.44.122
986,Zorina,Aldous,zaldousrd@spotify.com,Female,50.42.164.62
987,Urbain,Haywood,uhaywoodre@google.pl,Male,66.2.147.141
988,Darryl,Alkins,dalkinsrf@cam.ac.uk,Male,182.197.110.184
989,Teresa,Echalie,techalierg@ustream.tv,Female,18.210.61.179
990,Dane,Pellew,dpellewrh@zdnet.com,Male,161.248.134.189
991,Liesa,Rother,lrotherri@hubpages.com,Female,134.64.42.30
992,Beauregard,Hadkins,bhadkinsrj@taobao.com,Bigender,176.137.209.77
993,Jemima,Derell,jderellrk@clickbank.net,Female,109.115.187.14
994,Dianemarie,Thorius,dthoriusrl@simplemachines.org,Female,48.192.29.92
995,Towny,Lyptratt,tlyptrattrm@netlog.com,Male,239.126.216.221
996,Allyn,Benyan,abenyanrn@slate.com,Female,45.169.46.61
997,Jackquelin,Antat,jantatro@amazon.co.jp,Female,149.223.217.198
998,Bren,Renihan,brenihanrp@ft.com,Male,152.223.40.199
999,Sonnie,Packham,spackhamrq@twitter.com,Agender,47.27.132.208
1000,Asia,Marczyk,amarczykrr@webnode.com,Female,156.110.20.111
